mse,mae,r2,corr
0.35910866,0.4058898,0.6112604,0.80402553
