mse,mae,r2,corr
0.52868503,0.55975235,0.42769182,0.6575241
