mse,mae,r2,corr
0.4857535,0.53497857,0.47416574,0.69591767
