mse,mae,r2,corr
0.5426386,0.5665497,0.41258693,0.64369845
